{
  "roc_auc": 0.9155701918078909,
  "classification_report": {
    "0": {
      "precision": 0.9359165424739195,
      "recall": 0.8301387970918704,
      "f1-score": 0.8798598949211909,
      "support": 1513.0
    },
    "1": {
      "precision": 0.6094224924012158,
      "recall": 0.8234086242299795,
      "f1-score": 0.7004366812227074,
      "support": 487.0
    },
    "accuracy": 0.8285,
    "macro avg": {
      "precision": 0.7726695174375677,
      "recall": 0.826773710660925,
      "f1-score": 0.7901482880719491,
      "support": 2000.0
    },
    "weighted avg": {
      "precision": 0.8564152412812162,
      "recall": 0.8285,
      "f1-score": 0.8361703423856102,
      "support": 2000.0
    }
  }
}