{
  "roc_auc": 0.9151956147339076,
  "classification_report": {
    "0": {
      "precision": 0.9388059701492537,
      "recall": 0.8314606741573034,
      "f1-score": 0.8818787241500176,
      "support": 1513.0
    },
    "1": {
      "precision": 0.6136363636363636,
      "recall": 0.8316221765913757,
      "f1-score": 0.7061900610287707,
      "support": 487.0
    },
    "accuracy": 0.8315,
    "macro avg": {
      "precision": 0.7762211668928087,
      "recall": 0.8315414253743396,
      "f1-score": 0.7940343925893941,
      "support": 2000.0
    },
    "weighted avg": {
      "precision": 0.8596271709633649,
      "recall": 0.8315,
      "f1-score": 0.839098534679994,
      "support": 2000.0
    }
  }
}